tti;sch_eligible_ue_count;sch_active_ue_count;dl_rb_allocated_count;dl_rb_per_ue_avg;dl_bits_per_rb_avg;dl_capacity_bits_sum_tti;dl_transmitted_bits_sum_tti;dl_throughput_sum_kbps;dl_cqi_wb_avg_idx;dl_sinr_avg;buffer_size_sum_bytes;sch_total_time_us;pdcch_cce_total_count;pdcch_cce_allocated_count;pdcch_cce_utilization_pct;sch_priority_calc_time_us;sch_priority_sort_time_us;dl_prb_utilization_pct;sch_priority_list_size;sch_pdcch_blocked_count;sch_avg_priority_value;sch_eligible_to_active_ratio;sch_priority_min;sch_priority_max;sch_priority_std;dl_throughput_kbps_min;dl_throughput_kbps_max;dl_throughput_kbps_avg;dl_throughput_kbps_std;dl_cqi_wb_idx_min;dl_cqi_wb_idx_max;dl_cqi_wb_idx_avg;dl_cqi_wb_idx_std;dl_sinr_min;dl_sinr_max;dl_sinr_std;dl_rb_utilization_pct;dl_rb_wasted_count;dl_rb_idle_count;dl_spectral_efficiency_bps_hz;dl_spectral_efficiency_avg_ue;dl_spectral_efficiency_peak;dl_throughput_cv_pct;dl_cqi_cv_pct;dl_sinr_cv_pct;dl_rb_allocation_cv_pct;dl_spectral_efficiency_cv_pct;dl_fairness_jain_index;dl_throughput_variance;dl_throughput_std
0;1;1;50;50,0;41,0;2050;2050;2050,0;1,0;-9849,81;438;1112,68;25;8;32,0;12,2;10,7;100,0;1;0;1,0;100,0;1;1;0,0;2050,0;2050,0;2050,0;0,0;1,0;1,0;1,0;0,0;-9853,99;-9846,92;3,03;100,0;0;0;0,205;0,205;0,205;0,0;0,0;0,0;0,0;0,0;0,3333;933888888888,89;966379,27
1;2;2;50;25,0;41,0;2050;2050;2050,0;1,0;-9849,8;493;3032,65;25;16;64,0;17,0;16,2;100,0;2;0;1,5;100,0;1;2;0,5;984,0;1066,0;1025,0;41,0;1,0;1,0;1,0;0,0;-9853,97;-9846,91;3,02;100,0;0;0;0,205;0,1025;0,1066;4,0;0,0;0,0;4,0;4,0;0,6656;234592888888,89;484347,9
2;2;2;50;25,0;41,0;2050;2050;2050,0;1,0;-9849,82;237;1300,08;25;16;64,0;12,4;12,1;100,0;2;0;1,5;100,0;1;2;0,5;984,0;1066,0;1025,0;41,0;1,0;1,0;1,0;0,0;-9854,03;-9846,89;3,05;100,0;0;0;0,205;0,1025;0,1066;4,0;0,0;0,0;4,0;4,0;0,6656;234592888888,89;484347,9
3;2;2;38;19,0;39,74;1558;1510;1510,0;1,0;-9849,83;46;858,09;25;16;64,0;7,7;10,0;76,0;2;0;1,5;100,0;1;2;0,5;444,0;1066,0;755,0;311,0;1,0;1,0;1,0;0,0;-9854,03;-9846,91;3,04;96,92;1;12;0,151;0,0755;0,1066;41,19;0,0;0,0;36,84;41,19;0,57;191152888888,89;437210,35
4;1;1;9;9,0;38,33;369;345;345,0;1,0;-9849,8;0;392,19;25;8;32,0;7,4;8,1;18,0;1;0;1,0;100,0;1;1;0,0;345,0;345,0;345,0;0,0;1,0;1,0;1,0;0,0;-9854,01;-9846,89;3,05;93,5;0;41;0,0345;0,0345;0,0345;0,0;0,0;0,0;0,0;0,0;0,3333;26450000000,0;162634,56
5;0;0;0;0,0;0,0;0;0;0,0;0;0,0;0;392,19;25;8;32,0;7,4;8,1;0,0;1;0;1,0;0,0;0,0;0,0;0,0;0,0;0,0;0,0;0,0;0,0;0,0;0,0;0,0;0,0;0,0;0,0;0,0;0;50;0,0;0,0;0,0;0,0;0,0;0,0;0,0;0,0;1,0;0,0;0,0
6;0;0;0;0,0;0,0;0;0;0,0;0;0,0;0;392,19;25;8;32,0;7,4;8,1;0,0;1;0;1,0;0,0;0,0;0,0;0,0;0,0;0,0;0,0;0,0;0,0;0,0;0,0;0,0;0,0;0,0;0,0;0,0;0;50;0,0;0,0;0,0;0,0;0,0;0,0;0,0;0,0;1,0;0,0;0,0
7;2;2;50;25,0;41,0;2050;2050;2050,0;1,0;-9849,78;1624;988,48;25;16;64,0;7,5;9,2;100,0;2;0;1,5;100,0;1;2;0,5;984,0;1066,0;1025,0;41,0;1,0;1,0;1,0;0,0;-9854,06;-9846,82;3,1;100,0;0;0;0,205;0,1025;0,1066;4,0;0,0;0,0;4,0;4,0;0,6656;234592888888,89;484347,9
8;2;2;50;25,0;41,0;2050;2050;2050,0;1,0;-9849,8;1368;1317,18;25;16;64,0;8,3;9,9;100,0;2;0;1,5;100,0;1;2;0,5;984,0;1066,0;1025,0;41,0;1,0;1,0;1,0;0,0;-9854,13;-9846,85;3,13;100,0;0;0;0,205;0,1025;0,1066;4,0;0,0;0,0;4,0;4,0;0,6656;234592888888,89;484347,9
9;2;2;50;25,0;41,0;2050;2050;2050,0;1,0;-9849,82;1112;864,59;25;16;64,0;7,5;8,3;100,0;2;0;1,5;100,0;1;2;0,5;984,0;1066,0;1025,0;41,0;1,0;1,0;1,0;0,0;-9854,17;-9846,84;3,15;100,0;0;0;0,205;0,1025;0,1066;4,0;0,0;0,0;4,0;4,0;0,6656;234592888888,89;484347,9
10;2;2;50;25,0;41,0;2050;2050;2050,0;1,0;-9849,79;856;1204,08;25;16;64,0;9,6;12,2;100,0;2;0;1,5;100,0;1;2;0,5;984,0;1066,0;1025,0;41,0;1,0;1,0;1,0;0,0;-9854,17;-9846,78;3,17;100,0;0;0;0,205;0,1025;0,1066;4,0;0,0;0,0;4,0;4,0;0,6656;234592888888,89;484347,9
11;2;2;50;25,0;41,0;2050;2050;2050,0;1,0;-9849,78;600;1408,28;25;16;64,0;7,5;8,1;100,0;2;0;1,5;100,0;1;2;0,5;984,0;1066,0;1025,0;41,0;1,0;1,0;1,0;0,0;-9854,13;-9846,76;3,15;100,0;0;0;0,205;0,1025;0,1066;4,0;0,0;0,0;4,0;4,0;0,6656;234592888888,89;484347,9
12;2;2;50;25,0;39,4;2050;1970;1970,0;1,0;-9849,81;351;552,39;25;16;64,0;8,0;8,8;100,0;2;0;1,5;100,0;1;2;0,5;904,0;1066,0;985,0;81,0;1,0;1,0;1,0;0,0;-9854,21;-9846,74;3,19;96,1;1;0;0,197;0,0985;0,1066;8,22;0,0;0,0;4,0;8,22;0,6622;219979555555,56;469019,78
13;1;1;50;50,0;41,0;2050;2050;2050,0;1,0;-9849,8;98;676,09;25;8;32,0;9,4;11,6;100,0;1;0;1,0;100,0;1;1;0,0;2050,0;2050,0;2050,0;0,0;1,0;1,0;1,0;0,0;-9854,21;-9846,73;3,2;100,0;0;0;0,205;0,205;0,205;0,0;0,0;0,0;0,0;0,0;0,3333;933888888888,89;966379,27
14;2;2;45;22,5;38,33;1845;1725;1725,0;1,0;-9849,79;32;488,79;25;16;64,0;6,3;7,5;90,0;2;0;1,5;100,0;1;2;0,5;741,0;984,0;862,5;121,5;1,0;1,0;1,0;0,0;-9854,2;-9846,73;3,2;93,5;2;5;0,1725;0,0862;0,0984;14,09;0,0;0,0;6,67;14,09;0,6537;175154000000,0;418514,04
15;1;1;6;6,0;39,67;246;238;238,0;1,0;-9849,77;0;332,09;25;8;32,0;9,5;10,6;12,0;1;0;1,0;100,0;1;1;0,0;238,0;238,0;238,0;0,0;1,0;1,0;1,0;0,0;-9854,21;-9846,69;3,21;96,75;0;44;0,0238;0,0238;0,0238;0,0;0,0;0,0;0,0;0,0;0,3333;12587555555,56;112194,28
16;1;1;50;50,0;41,0;2050;2050;2050,0;1,0;-9849,8;989;649,79;25;8;32,0;7,7;8,6;100,0;1;0;1,0;100,0;1;1;0,0;2050,0;2050,0;2050,0;0,0;1,0;1,0;1,0;0,0;-9854,27;-9846,68;3,24;100,0;0;0;0,205;0,205;0,205;0,0;0,0;0,0;0,0;0,0;0,3333;933888888888,89;966379,27
17;2;2;50;25,0;41,0;2050;2050;2050,0;1,0;-9849,76;2238;546,29;25;16;64,0;7,0;8,0;100,0;2;0;1,5;100,0;1;2;0,5;984,0;1066,0;1025,0;41,0;1,0;1,0;1,0;0,0;-9854,26;-9846,63;3,26;100,0;0;0;0,205;0,1025;0,1066;4,0;0,0;0,0;4,0;4,0;0,6656;234592888888,89;484347,9
18;2;2;50;25,0;41,0;2050;2050;2050,0;1,0;-9849,79;1982;742,39;25;16;64,0;7,8;8,6;100,0;2;0;1,5;100,0;1;2;0,5;984,0;1066,0;1025,0;41,0;1,0;1,0;1,0;0,0;-9854,32;-9846,63;3,29;100,0;0;0;0,205;0,1025;0,1066;4,0;0,0;0,0;4,0;4,0;0,6656;234592888888,89;484347,9
19;2;2;50;25,0;41,0;2050;2050;2050,0;1,0;-9849,78;1726;709,49;25;16;64,0;7,3;8,4;100,0;2;0;1,5;100,0;1;2;0,5;984,0;1066,0;1025,0;41,0;1,0;1,0;1,0;0,0;-9854,32;-9846,58;3,3;100,0;0;0;0,205;0,1025;0,1066;4,0;0,0;0,0;4,0;4,0;0,6656;234592888888,89;484347,9
20;3;3;50;16,67;41,0;2050;2050;2050,0;1,0;-9849,78;4058;797,09;25;24;96,0;14,8;15,2;100,0;3;0;2,0;100,0;1;3;0,82;615,0;738,0;683,33;51,14;1,0;1,0;1,0;0,0;-9854,36;-9846,52;3,33;100,0;0;0;0,205;0,0683;0,0738;7,48;0,0;0,0;7,48;7,48;0,9944;2614888888,89;51135,98
21;3;3;50;16,67;41,0;2050;2050;2050,0;1,0;-9849,78;3803;738,39;25;24;96,0;9,1;10,4;100,0;3;0;2,0;100,0;1;3;0,82;615,0;738,0;683,33;51,14;1,0;1,0;1,0;0,0;-9854,36;-9846,49;3,34;100,0;0;0;0,205;0,0683;0,0738;7,48;0,0;0,0;7,48;7,48;0,9944;2614888888,89;51135,98
22;3;3;50;16,67;41,0;2050;2050;2050,0;1,0;-9849,77;5711;1328,48;25;24;96,0;8,7;9,1;100,0;3;0;2,0;100,0;1;3;0,82;615,0;738,0;683,33;51,14;1,0;1,0;1,0;0,0;-9854,39;-9846,47;3,36;100,0;0;0;0,205;0,0683;0,0738;7,48;0,0;0,0;7,48;7,48;0,9944;2614888888,89;51135,98
23;3;3;50;16,67;41,0;2050;2050;2050,0;1,0;-9849,79;5934;660,6;25;24;96,0;8,1;9,0;100,0;3;0;2,0;100,0;1;3;0,82;615,0;738,0;683,33;51,14;1,0;1,0;1,0;0,0;-9854,37;-9846,5;3,34;100,0;0;0;0,205;0,0683;0,0738;7,48;0,0;0,0;7,48;7,48;0,9944;2614888888,89;51135,98
24;3;3;50;16,67;41,0;2050;2050;2050,0;1,0;-9849,78;6456;991,5;25;24;96,0;12,5;12,9;100,0;3;0;2,0;100,0;1;3;0,82;615,0;738,0;683,33;51,14;1,0;1,0;1,0;0,0;-9854,37;-9846,5;3,34;100,0;0;0;0,205;0,0683;0,0738;7,48;0,0;0,0;7,48;7,48;0,9944;2614888888,89;51135,98
25;3;3;50;16,67;41,0;2050;2050;2050,0;1,0;-9849,76;6614;911,7;25;24;96,0;16,7;21,2;100,0;3;0;2,0;100,0;1;3;0,82;615,0;738,0;683,33;51,14;1,0;1,0;1,0;0,0;-9854,36;-9846,46;3,35;100,0;0;0;0,205;0,0683;0,0738;7,48;0,0;0,0;7,48;7,48;0,9944;2614888888,89;51135,98
26;3;3;50;16,67;41,0;2050;2050;2050,0;1,0;-9849,75;6359;909,1;25;24;96,0;8,4;9,6;100,0;3;0;2,0;100,0;1;3;0,82;615,0;738,0;683,33;51,14;1,0;1,0;1,0;0,0;-9854,35;-9846,45;3,36;100,0;0;0;0,205;0,0683;0,0738;7,48;0,0;0,0;7,48;7,48;0,9944;2614888888,89;51135,98
27;3;3;50;16,67;41,0;2050;2050;2050,0;1,0;-9849,71;6956;1129,5;25;24;96,0;12,0;13,5;100,0;3;0;2,0;100,0;1;3;0,82;615,0;738,0;683,33;51,14;1,0;1,0;1,0;0,0;-9854,3;-9846,42;3,34;100,0;0;0;0,205;0,0683;0,0738;7,48;0,0;0,0;7,48;7,48;0,9944;2614888888,89;51135,98
28;3;3;50;16,67;41,0;2050;2050;2050,0;1,0;-9849,72;7271;1202,1;25;24;96,0;8,5;9,8;100,0;3;0;2,0;100,0;1;3;0,82;615,0;738,0;683,33;51,14;1,0;1,0;1,0;0,0;-9854,31;-9846,46;3,34;100,0;0;0;0,205;0,0683;0,0738;7,48;0,0;0,0;7,48;7,48;0,9944;2614888888,89;51135,98
29;3;3;50;16,67;41,0;2050;2050;2050,0;1,0;-9849,72;7016;797,1;25;24;96,0;7,4;8,9;100,0;3;0;2,0;100,0;1;3;0,82;615,0;738,0;683,33;51,14;1,0;1,0;1,0;0,0;-9854,28;-9846,47;3,32;100,0;0;0;0,205;0,0683;0,0738;7,48;0,0;0,0;7,48;7,48;0,9944;2614888888,89;51135,98
30;3;3;50;16,67;41,0;2050;2050;2050,0;1,0;-9849,7;8075;1767,9;25;24;96,0;12,3;14,1;100,0;3;0;2,0;100,0;1;3;0,82;615,0;738,0;683,33;51,14;1,0;1,0;1,0;0,0;-9854,23;-9846,46;3,3;100,0;0;0;0,205;0,0683;0,0738;7,48;0,0;0,0;7,48;7,48;0,9944;2614888888,89;51135,98
31;3;3;50;16,67;41,0;2050;2050;2050,0;1,0;-9849,72;8001;1582,0;25;24;96,0;139,4;18,3;100,0;3;0;2,0;100,0;1;3;0,82;615,0;738,0;683,33;51,14;1,0;1,0;1,0;0,0;-9854,22;-9846,47;3,28;100,0;0;0;0,205;0,0683;0,0738;7,48;0,0;0,0;7,48;7,48;0,9944;2614888888,89;51135,98
32;3;3;50;16,67;41,0;2050;2050;2050,0;1,0;-9849,71;7746;705,0;25;24;96,0;8,4;9,4;100,0;3;0;2,0;100,0;1;3;0,82;615,0;738,0;683,33;51,14;1,0;1,0;1,0;0,0;-9854,23;-9846,45;3,3;100,0;0;0;0,205;0,0683;0,0738;7,48;0,0;0,0;7,48;7,48;0,9944;2614888888,89;51135,98
33;3;3;50;16,67;41,0;2050;2050;2050,0;1,0;-9849,72;7491;774,9;25;24;96,0;7,9;9,2;100,0;3;0;2,0;100,0;1;3;0,82;615,0;738,0;683,33;51,14;1,0;1,0;1,0;0,0;-9854,16;-9846,49;3,25;100,0;0;0;0,205;0,0683;0,0738;7,48;0,0;0,0;7,48;7,48;0,9944;2614888888,89;51135,98
34;3;3;50;16,67;41,0;2050;2050;2050,0;1,0;-9849,7;8507;1713,9;25;24;96,0;12,6;14,9;100,0;3;0;2,0;100,0;1;3;0,82;615,0;738,0;683,33;51,14;1,0;1,0;1,0;0,0;-9854,09;-9846,48;3,22;100,0;0;0;0,205;0,0683;0,0738;7,48;0,0;0,0;7,48;7,48;0,9944;2614888888,89;51135,98
35;3;3;50;16,67;41,0;2050;2050;2050,0;1,0;-9849,67;8688;1451,3;25;24;96,0;11,5;13,2;100,0;3;0;2,0;100,0;1;3;0,82;615,0;738,0;683,33;51,14;1,0;1,0;1,0;0,0;-9854,04;-9846,44;3,21;100,0;0;0;0,205;0,0683;0,0738;7,48;0,0;0,0;7,48;7,48;0,9944;2614888888,89;51135,98
36;3;3;50;16,67;41,0;2050;2050;2050,0;1,0;-9849,67;8433;1319,3;25;24;96,0;12,4;13,0;100,0;3;0;2,0;100,0;1;3;0,82;615,0;738,0;683,33;51,14;1,0;1,0;1,0;0,0;-9853,92;-9846,47;3,13;100,0;0;0;0,205;0,0683;0,0738;7,48;0,0;0,0;7,48;7,48;0,9944;2614888888,89;51135,98
37;3;3;50;16,67;41,0;2050;2050;2050,0;1,0;-9849,64;8178;2802,4;25;24;96,0;9,4;10,1;100,0;3;0;2,0;100,0;1;3;0,82;615,0;738,0;683,33;51,14;1,0;1,0;1,0;0,0;-9853,89;-9846,46;3,13;100,0;0;0;0,205;0,0683;0,0738;7,48;0,0;0,0;7,48;7,48;0,9944;2614888888,89;51135,98
38;3;3;50;16,67;41,0;2050;2050;2050,0;1,0;-9849,66;7923;921,3;25;24;96,0;16,5;16,4;100,0;3;0;2,0;100,0;1;3;0,82;615,0;738,0;683,33;51,14;1,0;1,0;1,0;0,0;-9853,89;-9846,47;3,12;100,0;0;0;0,205;0,0683;0,0738;7,48;0,0;0,0;7,48;7,48;0,9944;2614888888,89;51135,98
39;3;3;50;16,67;41,0;2050;2050;2050,0;1,0;-9849,67;7668;741,6;25;24;96,0;8,5;9,7;100,0;3;0;2,0;100,0;1;3;0,82;615,0;738,0;683,33;51,14;1,0;1,0;1,0;0,0;-9853,88;-9846,5;3,1;100,0;0;0;0,205;0,0683;0,0738;7,48;0,0;0,0;7,48;7,48;0,9944;2614888888,89;51135,98
40;3;3;50;16,67;41,0;2050;2050;2050,0;1,0;-9849,71;7413;1560,8;25;24;96,0;11,3;15,2;100,0;3;0;2,0;100,0;1;3;0,82;615,0;738,0;683,33;51,14;1,0;1,0;1,0;0,0;-9853,9;-9846,52;3,09;100,0;0;0;0,205;0,0683;0,0738;7,48;0,0;0,0;7,48;7,48;0,9944;2614888888,89;51135,98
41;3;3;50;16,67;41,0;2050;2050;2050,0;1,0;-9849,71;7158;654,3;25;24;96,0;8,2;8,6;100,0;3;0;2,0;100,0;1;3;0,82;615,0;738,0;683,33;51,14;1,0;1,0;1,0;0,0;-9853,89;-9846,51;3,09;100,0;0;0;0,205;0,0683;0,0738;7,48;0,0;0,0;7,48;7,48;0,9944;2614888888,89;51135,98
42;3;3;50;16,67;41,0;2050;2050;2050,0;1,0;-9849,69;6903;762,2;25;24;96,0;8,6;9,8;100,0;3;0;2,0;100,0;1;3;0,82;615,0;738,0;683,33;51,14;1,0;1,0;1,0;0,0;-9853,84;-9846,49;3,07;100,0;0;0;0,205;0,0683;0,0738;7,48;0,0;0,0;7,48;7,48;0,9944;2614888888,89;51135,98
43;3;3;50;16,67;41,0;2050;2050;2050,0;1,0;-9849,72;6648;1908,2;25;24;96,0;10,2;13,4;100,0;3;0;2,0;100,0;1;3;0,82;615,0;738,0;683,33;51,14;1,0;1,0;1,0;0,0;-9853,91;-9846,55;3,09;100,0;0;0;0,205;0,0683;0,0738;7,48;0,0;0,0;7,48;7,48;0,9944;2614888888,89;51135,98
44;3;3;50;16,67;41,0;2050;2050;2050,0;1,0;-9849,7;6393;594,5;25;24;96,0;8,8;9,4;100,0;3;0;2,0;100,0;1;3;0,82;615,0;738,0;683,33;51,14;1,0;1,0;1,0;0,0;-9853,92;-9846,52;3,11;100,0;0;0;0,205;0,0683;0,0738;7,48;0,0;0,0;7,48;7,48;0,9944;2614888888,89;51135,98
45;3;3;50;16,67;41,0;2050;2050;2050,0;1,0;-9849,68;6138;3633,7;25;24;96,0;16,0;179,3;100,0;3;0;2,0;100,0;1;3;0,82;615,0;738,0;683,33;51,14;1,0;1,0;1,0;0,0;-9853,91;-9846,53;3,11;100,0;0;0;0,205;0,0683;0,0738;7,48;0,0;0,0;7,48;7,48;0,9944;2614888888,89;51135,98
46;3;3;50;16,67;41,0;2050;2050;2050,0;1,0;-9849,68;5883;787,5;25;24;96,0;8,9;9,5;100,0;3;0;2,0;100,0;1;3;0,82;615,0;738,0;683,33;51,14;1,0;1,0;1,0;0,0;-9853,92;-9846,54;3,11;100,0;0;0;0,205;0,0683;0,0738;7,48;0,0;0,0;7,48;7,48;0,9944;2614888888,89;51135,98
47;3;3;50;16,67;41,0;2050;2050;2050,0;1,0;-9849,7;5790;791,1;25;24;96,0;8,7;9,9;100,0;3;0;2,0;100,0;1;3;0,82;615,0;738,0;683,33;51,14;1,0;1,0;1,0;0,0;-9853,89;-9846,54;3,09;100,0;0;0;0,205;0,0683;0,0738;7,48;0,0;0,0;7,48;7,48;0,9944;2614888888,89;51135,98
48;3;3;50;16,67;41,0;2050;2050;2050,0;1,0;-9849,71;5535;1257,9;25;24;96,0;12,1;9,8;100,0;3;0;2,0;100,0;1;3;0,82;615,0;738,0;683,33;51,14;1,0;1,0;1,0;0,0;-9853,92;-9846,55;3,1;100,0;0;0;0,205;0,0683;0,0738;7,48;0,0;0,0;7,48;7,48;0,9944;2614888888,89;51135,98
49;3;3;50;16,67;41,0;2050;2050;2050,0;1,0;-9849,74;6002;621,2;25;24;96,0;11,0;12,5;100,0;3;0;2,0;100,0;1;3;0,82;615,0;738,0;683,33;51,14;1,0;1,0;1,0;0,0;-9853,97;-9846,55;3,12;100,0;0;0;0,205;0,0683;0,0738;7,48;0,0;0,0;7,48;7,48;0,9944;2614888888,89;51135,98
50;3;3;50;16,67;41,0;2050;2050;2050,0;1,0;-9849,77;5747;764,8;25;24;96,0;10,2;9,9;100,0;3;0;2,0;100,0;1;3;0,82;615,0;738,0;683,33;51,14;1,0;1,0;1,0;0,0;-9854,0;-9846,59;3,12;100,0;0;0;0,205;0,0683;0,0738;7,48;0,0;0,0;7,48;7,48;0,9944;2614888888,89;51135,98
51;3;3;50;16,67;41,0;2050;2050;2050,0;1,0;-9849,77;5492;1864,31;25;24;96,0;24,2;17,7;100,0;3;0;2,0;100,0;1;3;0,82;615,0;738,0;683,33;51,14;1,0;1,0;1,0;0,0;-9853,99;-9846,62;3,1;100,0;0;0;0,205;0,0683;0,0738;7,48;0,0;0,0;7,48;7,48;0,9944;2614888888,89;51135,98
52;3;3;50;16,67;41,0;2050;2050;2050,0;1,0;-9849,77;5237;759,7;25;24;96,0;9,0;9,3;100,0;3;0;2,0;100,0;1;3;0,82;615,0;738,0;683,33;51,14;1,0;1,0;1,0;0,0;-9854,01;-9846,59;3,12;100,0;0;0;0,205;0,0683;0,0738;7,48;0,0;0,0;7,48;7,48;0,9944;2614888888,89;51135,98
53;3;3;50;16,67;41,0;2050;2050;2050,0;1,0;-9849,75;5527;2058,01;25;24;96,0;25,7;20,3;100,0;3;0;2,0;100,0;1;3;0,82;615,0;738,0;683,33;51,14;1,0;1,0;1,0;0,0;-9854,01;-9846,57;3,13;100,0;0;0;0,205;0,0683;0,0738;7,48;0,0;0,0;7,48;7,48;0,9944;2614888888,89;51135,98
54;3;3;50;16,67;41,0;2050;2050;2050,0;1,0;-9849,81;5712;768,7;25;24;96,0;8,7;9,2;100,0;3;0;2,0;100,0;1;3;0,82;615,0;738,0;683,33;51,14;1,0;1,0;1,0;0,0;-9854,05;-9846,62;3,12;100,0;0;0;0,205;0,0683;0,0738;7,48;0,0;0,0;7,48;7,48;0,9944;2614888888,89;51135,98
55;3;3;50;16,67;41,0;2050;2050;2050,0;1,0;-9849,85;5457;655,1;25;24;96,0;7,9;8,3;100,0;3;0;2,0;100,0;1;3;0,82;615,0;738,0;683,33;51,14;1,0;1,0;1,0;0,0;-9854,12;-9846,63;3,15;100,0;0;0;0,205;0,0683;0,0738;7,48;0,0;0,0;7,48;7,48;0,9944;2614888888,89;51135,98
56;3;3;50;16,67;41,0;2050;2050;2050,0;1,0;-9849,88;5202;1120,3;25;24;96,0;12,7;14,6;100,0;3;0;2,0;100,0;1;3;0,82;615,0;738,0;683,33;51,14;1,0;1,0;1,0;0,0;-9854,18;-9846,61;3,18;100,0;0;0;0,205;0,0683;0,0738;7,48;0,0;0,0;7,48;7,48;0,9944;2614888888,89;51135,98
57;3;3;50;16,67;41,0;2050;2050;2050,0;1,0;-9849,88;4947;774,7;25;24;96,0;8,2;8,9;100,0;3;0;2,0;100,0;1;3;0,82;615,0;738,0;683,33;51,14;1,0;1,0;1,0;0,0;-9854,17;-9846,6;3,17;100,0;0;0;0,205;0,0683;0,0738;7,48;0,0;0,0;7,48;7,48;0,9944;2614888888,89;51135,98
58;3;3;38;12,67;39,95;1558;1518;1518,0;1,0;-9849,93;4757;2650,01;25;24;96,0;13,0;12,8;76,0;3;0;2,0;100,0;1;3;0,82;83,0;738,0;506,0;299,57;1,0;1,0;1,0;0,0;-9854,26;-9846,63;3,2;97,43;0;12;0,1518;0,0506;0,0738;59,2;0,0;0,0;54,06;59,2;0,7405;89744666666,67;299574,14
59;2;2;50;25,0;41,0;2050;2050;2050,0;1,0;-9849,95;4503;612,6;25;16;64,0;8,9;8,8;100,0;2;0;1,5;100,0;1;2;0,5;984,0;1066,0;1025,0;41,0;1,0;1,0;1,0;0,0;-9854,27;-9846,64;3,19;100,0;0;0;0,205;0,1025;0,1066;4,0;0,0;0,0;4,0;4,0;0,6656;234592888888,89;484347,9
60;2;2;50;25,0;41,0;2050;2050;2050,0;1,0;-9849,99;4247;1001,71;25;16;64,0;15,5;16,3;100,0;2;0;1,5;100,0;1;2;0,5;984,0;1066,0;1025,0;41,0;1,0;1,0;1,0;0,0;-9854,3;-9846,72;3,18;100,0;0;0;0,205;0,1025;0,1066;4,0;0,0;0,0;4,0;4,0;0,6656;234592888888,89;484347,9
61;2;2;50;25,0;41,0;2050;2050;2050,0;1,0;-9850,01;3991;648,3;25;16;64,0;7,6;8,9;100,0;2;0;1,5;100,0;1;2;0,5;984,0;1066,0;1025,0;41,0;1,0;1,0;1,0;0,0;-9854,34;-9846,74;3,19;100,0;0;0;0,205;0,1025;0,1066;4,0;0,0;0,0;4,0;4,0;0,6656;234592888888,89;484347,9
62;2;2;50;25,0;41,0;2050;2050;2050,0;1,0;-9850,03;3735;1417,31;25;16;64,0;11,8;14,1;100,0;2;0;1,5;100,0;1;2;0,5;984,0;1066,0;1025,0;41,0;1,0;1,0;1,0;0,0;-9854,36;-9846,73;3,2;100,0;0;0;0,205;0,1025;0,1066;4,0;0,0;0,0;4,0;4,0;0,6656;234592888888,89;484347,9
63;2;2;50;25,0;41,0;2050;2050;2050,0;1,0;-9850,04;3479;1031,9;25;16;64,0;12,6;15,3;100,0;2;0;1,5;100,0;1;2;0,5;984,0;1066,0;1025,0;41,0;1,0;1,0;1,0;0,0;-9854,37;-9846,73;3,2;100,0;0;0;0,205;0,1025;0,1066;4,0;0,0;0,0;4,0;4,0;0,6656;234592888888,89;484347,9
64;2;2;50;25,0;41,0;2050;2050;2050,0;1,0;-9850,08;3223;560,9;25;16;64,0;8,1;8,7;100,0;2;0;1,5;100,0;1;2;0,5;984,0;1066,0;1025,0;41,0;1,0;1,0;1,0;0,0;-9854,42;-9846,72;3,22;100,0;0;0;0,205;0,1025;0,1066;4,0;0,0;0,0;4,0;4,0;0,6656;234592888888,89;484347,9
65;2;2;50;25,0;41,0;2050;2050;2050,0;1,0;-9850,08;2967;965,81;25;16;64,0;11,5;13,2;100,0;2;0;1,5;100,0;1;2;0,5;984,0;1066,0;1025,0;41,0;1,0;1,0;1,0;0,0;-9854,43;-9846,69;3,23;100,0;0;0;0,205;0,1025;0,1066;4,0;0,0;0,0;4,0;4,0;0,6656;234592888888,89;484347,9
66;2;2;50;25,0;41,0;2050;2050;2050,0;1,0;-9850,09;2711;1019,91;25;16;64,0;11,2;11,3;100,0;2;0;1,5;100,0;1;2;0,5;984,0;1066,0;1025,0;41,0;1,0;1,0;1,0;0,0;-9854,43;-9846,69;3,23;100,0;0;0;0,205;0,1025;0,1066;4,0;0,0;0,0;4,0;4,0;0,6656;234592888888,89;484347,9
67;2;2;50;25,0;41,0;2050;2050;2050,0;1,0;-9850,08;2455;4941,92;25;16;64,0;14,6;12,8;100,0;2;0;1,5;100,0;1;2;0,5;984,0;1066,0;1025,0;41,0;1,0;1,0;1,0;0,0;-9854,43;-9846,66;3,24;100,0;0;0;0,205;0,1025;0,1066;4,0;0,0;0,0;4,0;4,0;0,6656;234592888888,89;484347,9
68;2;2;50;25,0;41,0;2050;2050;2050,0;1,0;-9850,12;2199;2061,8;25;16;64,0;12,8;14,8;100,0;2;0;1,5;100,0;1;2;0,5;984,0;1066,0;1025,0;41,0;1,0;1,0;1,0;0,0;-9854,46;-9846,69;3,24;100,0;0;0;0,205;0,1025;0,1066;4,0;0,0;0,0;4,0;4,0;0,6656;234592888888,89;484347,9
69;2;2;50;25,0;41,0;2050;2050;2050,0;1,0;-9850,15;1943;885,1;25;16;64,0;17,3;16,0;100,0;2;0;1,5;100,0;1;2;0,5;984,0;1066,0;1025,0;41,0;1,0;1,0;1,0;0,0;-9854,51;-9846,69;3,25;100,0;0;0;0,205;0,1025;0,1066;4,0;0,0;0,0;4,0;4,0;0,6656;234592888888,89;484347,9
70;2;2;50;25,0;41,0;2050;2050;2050,0;1,0;-9850,2;2918;608,2;25;16;64,0;8,9;8,8;100,0;2;0;1,5;100,0;1;2;0,5;984,0;1066,0;1025,0;41,0;1,0;1,0;1,0;0,0;-9854,49;-9846,69;3,23;100,0;0;0;0,205;0,1025;0,1066;4,0;0,0;0,0;4,0;4,0;0,6656;234592888888,89;484347,9
71;2;2;50;25,0;41,0;2050;2050;2050,0;1,0;-9850,25;2662;1249,6;25;16;64,0;12,4;12,5;100,0;2;0;1,5;100,0;1;2;0,5;984,0;1066,0;1025,0;41,0;1,0;1,0;1,0;0,0;-9854,56;-9846,72;3,25;100,0;0;0;0,205;0,1025;0,1066;4,0;0,0;0,0;4,0;4,0;0,6656;234592888888,89;484347,9
72;3;3;50;16,67;41,0;2050;2050;2050,0;1,0;-9850,29;4767;1606,6;25;24;96,0;18,9;71,0;100,0;3;0;2,0;100,0;1;3;0,82;615,0;738,0;683,33;51,14;1,0;1,0;1,0;0,0;-9854,6;-9846,69;3,27;100,0;0;0;0,205;0,0683;0,0738;7,48;0,0;0,0;7,48;7,48;0,9944;2614888888,89;51135,98
73;3;3;50;16,67;41,0;2050;2050;2050,0;1,0;-9850,3;4512;1187,2;25;24;96,0;19,5;20,3;100,0;3;0;2,0;100,0;1;3;0,82;615,0;738,0;683,33;51,14;1,0;1,0;1,0;0,0;-9854,6;-9846,65;3,28;100,0;0;0;0,205;0,0683;0,0738;7,48;0,0;0,0;7,48;7,48;0,9944;2614888888,89;51135,98
74;3;3;50;16,67;41,0;2050;2050;2050,0;1,0;-9850,31;4562;1830,2;25;24;96,0;19,1;16,6;100,0;3;0;2,0;100,0;1;3;0,82;615,0;738,0;683,33;51,14;1,0;1,0;1,0;0,0;-9854,61;-9846,7;3,26;100,0;0;0;0,205;0,0683;0,0738;7,48;0,0;0,0;7,48;7,48;0,9944;2614888888,89;51135,98
75;3;3;50;16,67;41,0;2050;2050;2050,0;1,0;-9850,24;4307;1869,5;25;24;96,0;12,9;12,7;100,0;3;0;2,0;100,0;1;3;0,82;615,0;738,0;683,33;51,14;1,0;1,0;1,0;0,0;-9854,58;-9846,65;3,28;100,0;0;0;0,205;0,0683;0,0738;7,48;0,0;0,0;7,48;7,48;0,9944;2614888888,89;51135,98
76;3;3;50;16,67;41,0;2050;2050;2050,0;1,0;-9850,23;4052;2153,8;25;24;96,0;63,7;17,2;100,0;3;0;2,0;100,0;1;3;0,82;615,0;738,0;683,33;51,14;1,0;1,0;1,0;0,0;-9854,65;-9846,62;3,33;100,0;0;0;0,205;0,0683;0,0738;7,48;0,0;0,0;7,48;7,48;0,9944;2614888888,89;51135,98
77;3;3;50;16,67;41,0;2050;2050;2050,0;1,0;-9850,2;5231;1462,7;25;24;96,0;11,4;11,2;100,0;3;0;2,0;100,0;1;3;0,82;615,0;738,0;683,33;51,14;1,0;1,0;1,0;0,0;-9854,64;-9846,59;3,34;100,0;0;0;0,205;0,0683;0,0738;7,48;0,0;0,0;7,48;7,48;0,9944;2614888888,89;51135,98
78;3;3;50;16,67;41,0;2050;2050;2050,0;1,0;-9850,2;4976;695,4;25;24;96,0;8,4;8,9;100,0;3;0;2,0;100,0;1;3;0,82;615,0;738,0;683,33;51,14;1,0;1,0;1,0;0,0;-9854,71;-9846,55;3,39;100,0;0;0;0,205;0,0683;0,0738;7,48;0,0;0,0;7,48;7,48;0,9944;2614888888,89;51135,98
79;3;3;50;16,67;41,0;2050;2050;2050,0;1,0;-9850,17;4721;631,8;25;24;96,0;8,6;48,6;100,0;3;0;2,0;100,0;1;3;0,82;615,0;738,0;683,33;51,14;1,0;1,0;1,0;0,0;-9854,74;-9846,5;3,42;100,0;0;0;0,205;0,0683;0,0738;7,48;0,0;0,0;7,48;7,48;0,9944;2614888888,89;51135,98
80;3;3;50;16,67;41,0;2050;2050;2050,0;1,0;-9850,15;4466;675,8;25;24;96,0;8,9;9,0;100,0;3;0;2,0;100,0;1;3;0,82;615,0;738,0;683,33;51,14;1,0;1,0;1,0;0,0;-9854,73;-9846,55;3,41;100,0;0;0;0,205;0,0683;0,0738;7,48;0,0;0,0;7,48;7,48;0,9944;2614888888,89;51135,98
81;3;3;50;16,67;41,0;2050;2050;2050,0;1,0;-9850,14;4211;3234,9;25;24;96,0;21,8;24,1;100,0;3;0;2,0;100,0;1;3;0,82;615,0;738,0;683,33;51,14;1,0;1,0;1,0;0,0;-9854,73;-9846,59;3,4;100,0;0;0;0,205;0,0683;0,0738;7,48;0,0;0,0;7,48;7,48;0,9944;2614888888,89;51135,98
82;3;3;50;16,67;41,0;2050;2050;2050,0;1,0;-9850,14;5136;1051,8;25;24;96,0;13,8;15,3;100,0;3;0;2,0;100,0;1;3;0,82;615,0;738,0;683,33;51,14;1,0;1,0;1,0;0,0;-9854,75;-9846,58;3,42;100,0;0;0;0,205;0,0683;0,0738;7,48;0,0;0,0;7,48;7,48;0,9944;2614888888,89;51135,98
83;3;3;50;16,67;41,0;2050;2050;2050,0;1,0;-9850,15;5742;1285,7;25;24;96,0;15,3;17,0;100,0;3;0;2,0;100,0;1;3;0,82;615,0;738,0;683,33;51,14;1,0;1,0;1,0;0,0;-9854,73;-9846,63;3,39;100,0;0;0;0,205;0,0683;0,0738;7,48;0,0;0,0;7,48;7,48;0,9944;2614888888,89;51135,98
84;3;3;50;16,67;41,0;2050;2050;2050,0;1,0;-9850,11;5891;579,6;25;24;96,0;8,3;9,4;100,0;3;0;2,0;100,0;1;3;0,82;615,0;738,0;683,33;51,14;1,0;1,0;1,0;0,0;-9854,71;-9846,61;3,39;100,0;0;0;0,205;0,0683;0,0738;7,48;0,0;0,0;7,48;7,48;0,9944;2614888888,89;51135,98
85;3;3;50;16,67;41,0;2050;2050;2050,0;1,0;-9850,11;5636;570,0;25;24;96,0;8,0;9,3;100,0;3;0;2,0;100,0;1;3;0,82;615,0;738,0;683,33;51,14;1,0;1,0;1,0;0,0;-9854,68;-9846,62;3,38;100,0;0;0;0,205;0,0683;0,0738;7,48;0,0;0,0;7,48;7,48;0,9944;2614888888,89;51135,98
86;3;3;50;16,67;41,0;2050;2050;2050,0;1,0;-9850,07;6845;1379,0;25;24;96,0;12,2;13,1;100,0;3;0;2,0;100,0;1;3;0,82;615,0;738,0;683,33;51,14;1,0;1,0;1,0;0,0;-9854,65;-9846,6;3,38;100,0;0;0;0,205;0,0683;0,0738;7,48;0,0;0,0;7,48;7,48;0,9944;2614888888,89;51135,98
87;3;3;50;16,67;41,0;2050;2050;2050,0;1,0;-9850,05;6590;711,7;25;24;96,0;8,4;9,5;100,0;3;0;2,0;100,0;1;3;0,82;615,0;738,0;683,33;51,14;1,0;1,0;1,0;0,0;-9854,57;-9846,62;3,34;100,0;0;0;0,205;0,0683;0,0738;7,48;0,0;0,0;7,48;7,48;0,9944;2614888888,89;51135,98
88;3;3;47;15,67;39,64;1927;1863;1863,0;1,0;-9850,03;6357;1334,1;25;24;96,0;11,6;12,5;94,0;3;0;2,0;100,0;1;3;0,82;551,0;697,0;621,0;59,76;1,0;1,0;1,0;0,0;-9854,54;-9846,67;3,31;96,68;1;3;0,1863;0,0621;0,0697;9,62;0,0;0,0;6,02;9,62;0,9908;3570666666,67;59755,06
89;2;2;50;25,0;41,0;2050;2050;2050,0;1,0;-9850,04;6104;1045,4;25;16;64,0;8,7;9,0;100,0;2;0;1,5;100,0;1;2;0,5;984,0;1066,0;1025,0;41,0;1,0;1,0;1,0;0,0;-9854,52;-9846,69;3,3;100,0;0;0;0,205;0,1025;0,1066;4,0;0,0;0,0;4,0;4,0;0,6656;234592888888,89;484347,9
90;2;2;50;25,0;41,0;2050;2050;2050,0;1,0;-9849,99;5848;1130,5;25;16;64,0;14,0;15,9;100,0;2;0;1,5;100,0;1;2;0,5;984,0;1066,0;1025,0;41,0;1,0;1,0;1,0;0,0;-9854,44;-9846,66;3,27;100,0;0;0;0,205;0,1025;0,1066;4,0;0,0;0,0;4,0;4,0;0,6656;234592888888,89;484347,9
91;2;2;50;25,0;41,0;2050;2050;2050,0;1,0;-9849,94;6430;1096,0;25;16;64,0;14,1;16,0;100,0;2;0;1,5;100,0;1;2;0,5;984,0;1066,0;1025,0;41,0;1,0;1,0;1,0;0,0;-9854,37;-9846,63;3,26;100,0;0;0;0,205;0,1025;0,1066;4,0;0,0;0,0;4,0;4,0;0,6656;234592888888,89;484347,9
92;2;2;50;25,0;41,0;2050;2050;2050,0;1,0;-9849,94;6174;1232,2;25;16;64,0;33,9;24,7;100,0;2;0;1,5;100,0;1;2;0,5;984,0;1066,0;1025,0;41,0;1,0;1,0;1,0;0,0;-9854,29;-9846,66;3,2;100,0;0;0;0,205;0,1025;0,1066;4,0;0,0;0,0;4,0;4,0;0,6656;234592888888,89;484347,9
93;2;2;50;25,0;41,0;2050;2050;2050,0;1,0;-9849,94;5918;991,4;25;16;64,0;8,4;8,9;100,0;2;0;1,5;100,0;1;2;0,5;984,0;1066,0;1025,0;41,0;1,0;1,0;1,0;0,0;-9854,28;-9846,7;3,19;100,0;0;0;0,205;0,1025;0,1066;4,0;0,0;0,0;4,0;4,0;0,6656;234592888888,89;484347,9
94;2;2;50;25,0;41,0;2050;2050;2050,0;1,0;-9849,93;5662;1581,7;25;16;64,0;12,3;14,1;100,0;2;0;1,5;100,0;1;2;0,5;984,0;1066,0;1025,0;41,0;1,0;1,0;1,0;0,0;-9854,28;-9846,69;3,2;100,0;0;0;0,205;0,1025;0,1066;4,0;0,0;0,0;4,0;4,0;0,6656;234592888888,89;484347,9
95;2;2;50;25,0;41,0;2050;2050;2050,0;1,0;-9849,9;5406;592,3;25;16;64,0;9,4;10,8;100,0;2;0;1,5;100,0;1;2;0,5;984,0;1066,0;1025,0;41,0;1,0;1,0;1,0;0,0;-9854,29;-9846,64;3,22;100,0;0;0;0,205;0,1025;0,1066;4,0;0,0;0,0;4,0;4,0;0,6656;234592888888,89;484347,9
96;3;3;50;16,67;41,0;2050;2050;2050,0;1,0;-9849,89;5740;714,9;25;24;96,0;8,8;9,5;100,0;3;0;2,0;100,0;1;3;0,82;615,0;738,0;683,33;51,14;1,0;1,0;1,0;0,0;-9854,23;-9846,65;3,19;100,0;0;0;0,205;0,0683;0,0738;7,48;0,0;0,0;7,48;7,48;0,9944;2614888888,89;51135,98
97;3;3;50;16,67;41,0;2050;2050;2050,0;1,0;-9849,87;6084;1013,9;25;24;96,0;14,9;15,8;100,0;3;0;2,0;100,0;1;3;0,82;615,0;738,0;683,33;51,14;1,0;1,0;1,0;0,0;-9854,2;-9846,64;3,18;100,0;0;0;0,205;0,0683;0,0738;7,48;0,0;0,0;7,48;7,48;0,9944;2614888888,89;51135,98
98;3;3;50;16,67;41,0;2050;2050;2050,0;1,0;-9849,85;5829;608,1;25;24;96,0;8,3;9,1;100,0;3;0;2,0;100,0;1;3;0,82;615,0;738,0;683,33;51,14;1,0;1,0;1,0;0,0;-9854,2;-9846,63;3,19;100,0;0;0;0,205;0,0683;0,0738;7,48;0,0;0,0;7,48;7,48;0,9944;2614888888,89;51135,98
99;3;3;50;16,67;41,0;2050;2050;2050,0;1,0;-9849,84;5574;1172,0;25;24;96,0;15,6;16,1;100,0;3;0;2,0;100,0;1;3;0,82;615,0;738,0;683,33;51,14;1,0;1,0;1,0;0,0;-9854,14;-9846,65;3,16;100,0;0;0;0,205;0,0683;0,0738;7,48;0,0;0,0;7,48;7,48;0,9944;2614888888,89;51135,98
100;3;3;50;16,67;41,0;2050;2050;2050,0;1,0;-9849,85;5319;2483,91;25;24;96,0;21,3;21,7;100,0;3;0;2,0;100,0;1;3;0,82;615,0;738,0;683,33;51,14;1,0;1,0;1,0;0,0;-9854,12;-9846,68;3,13;100,0;0;0;0,205;0,0683;0,0738;7,48;0,0;0,0;7,48;7,48;0,9944;2614888888,89;51135,98
101;3;3;50;16,67;41,0;2050;2050;2050,0;1,0;-9849,85;5064;1617,9;25;24;96,0;12,9;13,0;100,0;3;0;2,0;100,0;1;3;0,82;615,0;738,0;683,33;51,14;1,0;1,0;1,0;0,0;-9854,12;-9846,67;3,14;100,0;0;0;0,205;0,0683;0,0738;7,48;0,0;0,0;7,48;7,48;0,9944;2614888888,89;51135,98
102;3;3;50;16,67;41,0;2050;2050;2050,0;1,0;-9849,84;4809;1795,1;25;24;96,0;17,4;18,3;100,0;3;0;2,0;100,0;1;3;0,82;615,0;738,0;683,33;51,14;1,0;1,0;1,0;0,0;-9854,11;-9846,68;3,13;100,0;0;0;0,205;0,0683;0,0738;7,48;0,0;0,0;7,48;7,48;0,9944;2614888888,89;51135,98
103;3;3;35;11,67;38,49;1435;1347;1347,0;1,0;-9849,86;4640;2001,2;25;24;96,0;21,8;32,8;70,0;3;0;2,0;100,0;1;3;0,82;35,0;697,0;449,0;294,65;1,0;1,0;1,0;0,0;-9854,12;-9846,73;3,12;93,87;2;15;0,1347;0,0449;0,0697;65,62;0,0;0,0;52,99;65,62;0,699;86818666666,67;294650,07
104;2;2;50;25,0;41,0;2050;2050;2050,0;1,0;-9849,8;4387;1075,9;25;16;64,0;13,9;14,8;100,0;2;0;1,5;100,0;1;2;0,5;984,0;1066,0;1025,0;41,0;1,0;1,0;1,0;0,0;-9854,0;-9846,68;3,08;100,0;0;0;0,205;0,1025;0,1066;4,0;0,0;0,0;4,0;4,0;0,6656;234592888888,89;484347,9
105;2;2;50;25,0;41,0;2050;2050;2050,0;1,0;-9849,81;5055;1037,2;25;16;64,0;19,9;19,1;100,0;2;0;1,5;100,0;1;2;0,5;984,0;1066,0;1025,0;41,0;1,0;1,0;1,0;0,0;-9853,98;-9846,68;3,07;100,0;0;0;0,205;0,1025;0,1066;4,0;0,0;0,0;4,0;4,0;0,6656;234592888888,89;484347,9
106;3;3;50;16,67;41,0;2050;2050;2050,0;1,0;-9849,78;6056;907,7;25;24;96,0;8,1;94,3;100,0;3;0;2,0;100,0;1;3;0,82;615,0;738,0;683,33;51,14;1,0;1,0;1,0;0,0;-9853,91;-9846,7;3,03;100,0;0;0;0,205;0,0683;0,0738;7,48;0,0;0,0;7,48;7,48;0,9944;2614888888,89;51135,98
107;3;3;50;16,67;41,0;2050;2050;2050,0;1,0;-9849,79;6519;998,6;25;24;96,0;14,3;15,8;100,0;3;0;2,0;100,0;1;3;0,82;615,0;738,0;683,33;51,14;1,0;1,0;1,0;0,0;-9853,9;-9846,77;3,01;100,0;0;0;0,205;0,0683;0,0738;7,48;0,0;0,0;7,48;7,48;0,9944;2614888888,89;51135,98
108;3;3;50;16,67;41,0;2050;2050;2050,0;1,0;-9849,77;6264;1942,6;25;24;96,0;21,5;25,4;100,0;3;0;2,0;100,0;1;3;0,82;615,0;738,0;683,33;51,14;1,0;1,0;1,0;0,0;-9853,9;-9846,73;3,03;100,0;0;0;0,205;0,0683;0,0738;7,48;0,0;0,0;7,48;7,48;0,9944;2614888888,89;51135,98
109;3;3;50;16,67;41,0;2050;2050;2050,0;1,0;-9849,77;7397;6784,7;25;24;96,0;27,5;25,3;100,0;3;0;2,0;100,0;1;3;0,82;615,0;738,0;683,33;51,14;1,0;1,0;1,0;0,0;-9853,93;-9846,69;3,06;100,0;0;0;0,205;0,0683;0,0738;7,48;0,0;0,0;7,48;7,48;0,9944;2614888888,89;51135,98
110;3;3;50;16,67;41,0;2050;2050;2050,0;1,0;-9849,77;7958;1586,7;25;24;96,0;14,8;13,2;100,0;3;0;2,0;100,0;1;3;0,82;615,0;738,0;683,33;51,14;1,0;1,0;1,0;0,0;-9853,91;-9846,7;3,04;100,0;0;0;0,205;0,0683;0,0738;7,48;0,0;0,0;7,48;7,48;0,9944;2614888888,89;51135,98
111;3;3;50;16,67;41,0;2050;2050;2050,0;1,0;-9849,76;7703;711,4;25;24;96,0;8,3;8,8;100,0;3;0;2,0;100,0;1;3;0,82;615,0;738,0;683,33;51,14;1,0;1,0;1,0;0,0;-9853,91;-9846,7;3,04;100,0;0;0;0,205;0,0683;0,0738;7,48;0,0;0,0;7,48;7,48;0,9944;2614888888,89;51135,98
112;3;3;50;16,67;41,0;2050;2050;2050,0;1,0;-9849,77;7448;771,1;25;24;96,0;8,1;8,5;100,0;3;0;2,0;100,0;1;3;0,82;615,0;738,0;683,33;51,14;1,0;1,0;1,0;0,0;-9853,92;-9846,73;3,04;100,0;0;0;0,205;0,0683;0,0738;7,48;0,0;0,0;7,48;7,48;0,9944;2614888888,89;51135,98
113;3;3;50;16,67;41,0;2050;2050;2050,0;1,0;-9849,8;7193;1146,5;25;24;96,0;12,9;12,6;100,0;3;0;2,0;100,0;1;3;0,82;615,0;738,0;683,33;51,14;1,0;1,0;1,0;0,0;-9853,97;-9846,76;3,05;100,0;0;0;0,205;0,0683;0,0738;7,48;0,0;0,0;7,48;7,48;0,9944;2614888888,89;51135,98
114;3;3;50;16,67;41,0;2050;2050;2050,0;1,0;-9849,81;7481;1270,5;25;24;96,0;15,3;16,4;100,0;3;0;2,0;100,0;1;3;0,82;615,0;738,0;683,33;51,14;1,0;1,0;1,0;0,0;-9853,97;-9846,76;3,05;100,0;0;0;0,205;0,0683;0,0738;7,48;0,0;0,0;7,48;7,48;0,9944;2614888888,89;51135,98
115;3;3;50;16,67;41,0;2050;2050;2050,0;1,0;-9849,78;7226;1103,9;25;24;96,0;13,9;14,7;100,0;3;0;2,0;100,0;1;3;0,82;615,0;738,0;683,33;51,14;1,0;1,0;1,0;0,0;-9853,94;-9846,75;3,04;100,0;0;0;0,205;0,0683;0,0738;7,48;0,0;0,0;7,48;7,48;0,9944;2614888888,89;51135,98
116;3;3;50;16,67;41,0;2050;2050;2050,0;1,0;-9849,77;6971;1356,6;25;24;96,0;11,9;16,9;100,0;3;0;2,0;100,0;1;3;0,82;615,0;738,0;683,33;51,14;1,0;1,0;1,0;0,0;-9853,94;-9846,73;3,05;100,0;0;0;0,205;0,0683;0,0738;7,48;0,0;0,0;7,48;7,48;0,9944;2614888888,89;51135,98
117;3;3;50;16,67;41,0;2050;2050;2050,0;1,0;-9849,79;7722;657,6;25;24;96,0;10,4;9,5;100,0;3;0;2,0;100,0;1;3;0,82;615,0;738,0;683,33;51,14;1,0;1,0;1,0;0,0;-9853,97;-9846,78;3,05;100,0;0;0;0,205;0,0683;0,0738;7,48;0,0;0,0;7,48;7,48;0,9944;2614888888,89;51135,98
118;3;3;50;16,67;41,0;2050;2050;2050,0;1,0;-9849,81;7631;605,9;25;24;96,0;8,6;9,0;100,0;3;0;2,0;100,0;1;3;0,82;615,0;738,0;683,33;51,14;1,0;1,0;1,0;0,0;-9854,03;-9846,75;3,08;100,0;0;0;0,205;0,0683;0,0738;7,48;0,0;0,0;7,48;7,48;0,9944;2614888888,89;51135,98
119;3;3;50;16,67;41,0;2050;2050;2050,0;1,0;-9849,82;7376;4042,1;25;24;96,0;13,6;15,1;100,0;3;0;2,0;100,0;1;3;0,82;615,0;738,0;683,33;51,14;1,0;1,0;1,0;0,0;-9854,08;-9846,74;3,11;100,0;0;0;0,205;0,0683;0,0738;7,48;0,0;0,0;7,48;7,48;0,9944;2614888888,89;51135,98
120;3;3;50;16,67;41,0;2050;2050;2050,0;1,0;-9849,82;7121;1262,9;25;24;96,0;9,0;9,6;100,0;3;0;2,0;100,0;1;3;0,82;615,0;738,0;683,33;51,14;1,0;1,0;1,0;0,0;-9854,04;-9846,79;3,08;100,0;0;0;0,205;0,0683;0,0738;7,48;0,0;0,0;7,48;7,48;0,9944;2614888888,89;51135,98
121;3;3;50;16,67;41,0;2050;2050;2050,0;1,0;-9849,81;7631;1143,7;25;24;96,0;14,1;15,1;100,0;3;0;2,0;100,0;1;3;0,82;615,0;738,0;683,33;51,14;1,0;1,0;1,0;0,0;-9854,06;-9846,78;3,1;100,0;0;0;0,205;0,0683;0,0738;7,48;0,0;0,0;7,48;7,48;0,9944;2614888888,89;51135,98
122;3;3;50;16,67;41,0;2050;2050;2050,0;1,0;-9849,78;8758;1126,5;25;24;96,0;12,9;14,2;100,0;3;0;2,0;100,0;1;3;0,82;615,0;738,0;683,33;51,14;1,0;1,0;1,0;0,0;-9854,07;-9846,71;3,12;100,0;0;0;0,205;0,0683;0,0738;7,48;0,0;0,0;7,48;7,48;0,9944;2614888888,89;51135,98
123;3;3;50;16,67;41,0;2050;2050;2050,0;1,0;-9849,78;8503;1287,5;25;24;96,0;16,5;17,4;100,0;3;0;2,0;100,0;1;3;0,82;615,0;738,0;683,33;51,14;1,0;1,0;1,0;0,0;-9854,07;-9846,71;3,13;100,0;0;0;0,205;0,0683;0,0738;7,48;0,0;0,0;7,48;7,48;0,9944;2614888888,89;51135,98
124;3;3;50;16,67;41,0;2050;2050;2050,0;1,0;-9849,77;9343;1929,3;25;24;96,0;9,3;9,5;100,0;3;0;2,0;100,0;1;3;0,82;615,0;738,0;683,33;51,14;1,0;1,0;1,0;0,0;-9854,04;-9846,7;3,12;100,0;0;0;0,205;0,0683;0,0738;7,48;0,0;0,0;7,48;7,48;0,9944;2614888888,89;51135,98
125;3;3;50;16,67;41,0;2050;2050;2050,0;1,0;-9849,77;9088;1974,6;25;24;96,0;14,8;17,3;100,0;3;0;2,0;100,0;1;3;0,82;615,0;738,0;683,33;51,14;1,0;1,0;1,0;0,0;-9854,02;-9846,7;3,1;100,0;0;0;0,205;0,0683;0,0738;7,48;0,0;0,0;7,48;7,48;0,9944;2614888888,89;51135,98
126;3;3;50;16,67;41,0;2050;2050;2050,0;1,0;-9849,78;8833;1087,8;25;24;96,0;10,6;12,8;100,0;3;0;2,0;100,0;1;3;0,82;615,0;738,0;683,33;51,14;1,0;1,0;1,0;0,0;-9854,07;-9846,66;3,14;100,0;0;0;0,205;0,0683;0,0738;7,48;0,0;0,0;7,48;7,48;0,9944;2614888888,89;51135,98
127;3;3;50;16,67;41,0;2050;2050;2050,0;1,0;-9849,82;8578;723,4;25;24;96,0;8,1;8,4;100,0;3;0;2,0;100,0;1;3;0,82;615,0;738,0;683,33;51,14;1,0;1,0;1,0;0,0;-9854,14;-9846,7;3,15;100,0;0;0;0,205;0,0683;0,0738;7,48;0,0;0,0;7,48;7,48;0,9944;2614888888,89;51135,98
128;3;3;50;16,67;41,0;2050;2050;2050,0;1,0;-9849,8;9451;1330,0;25;24;96,0;17,5;18,5;100,0;3;0;2,0;100,0;1;3;0,82;615,0;738,0;683,33;51,14;1,0;1,0;1,0;0,0;-9854,1;-9846,66;3,15;100,0;0;0;0,205;0,0683;0,0738;7,48;0,0;0,0;7,48;7,48;0,9944;2614888888,89;51135,98
129;3;3;50;16,67;41,0;2050;2050;2050,0;1,0;-9849,83;9909;1061,1;25;24;96,0;15,6;16,5;100,0;3;0;2,0;100,0;1;3;0,82;615,0;738,0;683,33;51,14;1,0;1,0;1,0;0,0;-9854,08;-9846,71;3,11;100,0;0;0;0,205;0,0683;0,0738;7,48;0,0;0,0;7,48;7,48;0,9944;2614888888,89;51135,98
130;3;3;50;16,67;41,0;2050;2050;2050,0;1,0;-9849,82;9654;1322,8;25;24;96,0;14,3;15,4;100,0;3;0;2,0;100,0;1;3;0,82;615,0;738,0;683,33;51,14;1,0;1,0;1,0;0,0;-9854,08;-9846,73;3,11;100,0;0;0;0,205;0,0683;0,0738;7,48;0,0;0,0;7,48;7,48;0,9944;2614888888,89;51135,98
131;3;3;50;16,67;41,0;2050;2050;2050,0;1,0;-9849,85;9399;750,5;25;24;96,0;12,6;12,8;100,0;3;0;2,0;100,0;1;3;0,82;615,0;738,0;683,33;51,14;1,0;1,0;1,0;0,0;-9854,16;-9846,7;3,15;100,0;0;0;0,205;0,0683;0,0738;7,48;0,0;0,0;7,48;7,48;0,9944;2614888888,89;51135,98
132;3;3;50;16,67;41,0;2050;2050;2050,0;1,0;-9849,86;9144;1452,2;25;24;96,0;10,3;12,0;100,0;3;0;2,0;100,0;1;3;0,82;615,0;738,0;683,33;51,14;1,0;1,0;1,0;0,0;-9854,18;-9846,7;3,17;100,0;0;0;0,205;0,0683;0,0738;7,48;0,0;0,0;7,48;7,48;0,9944;2614888888,89;51135,98
133;3;3;50;16,67;41,0;2050;2050;2050,0;1,0;-9849,88;10262;1150,2;25;24;96,0;17,6;17,2;100,0;3;0;2,0;100,0;1;3;0,82;615,0;738,0;683,33;51,14;1,0;1,0;1,0;0,0;-9854,2;-9846,72;3,16;100,0;0;0;0,205;0,0683;0,0738;7,48;0,0;0,0;7,48;7,48;0,9944;2614888888,89;51135,98
134;3;3;50;16,67;41,0;2050;2050;2050,0;1,0;-9849,9;10177;1444,28;25;24;96,0;14,4;16,1;100,0;3;0;2,0;100,0;1;3;0,82;615,0;738,0;683,33;51,14;1,0;1,0;1,0;0,0;-9854,24;-9846,71;3,18;100,0;0;0;0,205;0,0683;0,0738;7,48;0,0;0,0;7,48;7,48;0,9944;2614888888,89;51135,98
135;3;3;50;16,67;41,0;2050;2050;2050,0;1,0;-9849,92;9922;1287,18;25;24;96,0;16,5;15,8;100,0;3;0;2,0;100,0;1;3;0,82;615,0;738,0;683,33;51,14;1,0;1,0;1,0;0,0;-9854,26;-9846,71;3,18;100,0;0;0;0,205;0,0683;0,0738;7,48;0,0;0,0;7,48;7,48;0,9944;2614888888,89;51135,98
136;3;3;50;16,67;41,0;2050;2050;2050,0;1,0;-9849,88;9667;2547,3;25;24;96,0;21,3;27,5;100,0;3;0;2,0;100,0;1;3;0,82;615,0;738,0;683,33;51,14;1,0;1,0;1,0;0,0;-9854,26;-9846,66;3,21;100,0;0;0;0,205;0,0683;0,0738;7,48;0,0;0,0;7,48;7,48;0,9944;2614888888,89;51135,98
137;3;3;50;16,67;41,0;2050;2050;2050,0;1,0;-9849,86;9412;982,8;25;24;96,0;14,0;14,2;100,0;3;0;2,0;100,0;1;3;0,82;615,0;738,0;683,33;51,14;1,0;1,0;1,0;0,0;-9854,27;-9846,64;3,23;100,0;0;0;0,205;0,0683;0,0738;7,48;0,0;0,0;7,48;7,48;0,9944;2614888888,89;51135,98
138;3;3;50;16,67;41,0;2050;2050;2050,0;1,0;-9849,83;9157;1083,5;25;24;96,0;12,5;12,0;100,0;3;0;2,0;100,0;1;3;0,82;615,0;738,0;683,33;51,14;1,0;1,0;1,0;0,0;-9854,25;-9846,6;3,24;100,0;0;0;0,205;0,0683;0,0738;7,48;0,0;0,0;7,48;7,48;0,9944;2614888888,89;51135,98
139;3;3;50;16,67;41,0;2050;2050;2050,0;1,0;-9849,83;8902;617,5;25;24;96,0;9,1;9,2;100,0;3;0;2,0;100,0;1;3;0,82;615,0;738,0;683,33;51,14;1,0;1,0;1,0;0,0;-9854,28;-9846,59;3,25;100,0;0;0;0,205;0,0683;0,0738;7,48;0,0;0,0;7,48;7,48;0,9944;2614888888,89;51135,98
140;3;3;50;16,67;41,0;2050;2050;2050,0;1,0;-9849,84;8916;1489,9;25;24;96,0;17,5;19,7;100,0;3;0;2,0;100,0;1;3;0,82;615,0;738,0;683,33;51,14;1,0;1,0;1,0;0,0;-9854,25;-9846,61;3,22;100,0;0;0;0,205;0,0683;0,0738;7,48;0,0;0,0;7,48;7,48;0,9944;2614888888,89;51135,98
141;3;3;50;16,67;41,0;2050;2050;2050,0;1,0;-9849,87;8661;1172,2;25;24;96,0;15,3;15,3;100,0;3;0;2,0;100,0;1;3;0,82;615,0;738,0;683,33;51,14;1,0;1,0;1,0;0,0;-9854,28;-9846,62;3,23;100,0;0;0;0,205;0,0683;0,0738;7,48;0,0;0,0;7,48;7,48;0,9944;2614888888,89;51135,98
142;3;3;50;16,67;41,0;2050;2050;2050,0;1,0;-9849,89;8406;1028,1;25;24;96,0;14,6;15,4;100,0;3;0;2,0;100,0;1;3;0,82;615,0;738,0;683,33;51,14;1,0;1,0;1,0;0,0;-9854,31;-9846,63;3,24;100,0;0;0;0,205;0,0683;0,0738;7,48;0,0;0,0;7,48;7,48;0,9944;2614888888,89;51135,98
143;3;3;50;16,67;41,0;2050;2050;2050,0;1,0;-9849,92;9433;2071,0;25;24;96,0;21,3;22,0;100,0;3;0;2,0;100,0;1;3;0,82;615,0;738,0;683,33;51,14;1,0;1,0;1,0;0,0;-9854,36;-9846,63;3,26;100,0;0;0;0,205;0,0683;0,0738;7,48;0,0;0,0;7,48;7,48;0,9944;2614888888,89;51135,98
144;3;3;50;16,67;41,0;2050;2050;2050,0;1,0;-9849,95;10559;1013,9;25;24;96,0;15,0;15,9;100,0;3;0;2,0;100,0;1;3;0,82;615,0;738,0;683,33;51,14;1,0;1,0;1,0;0,0;-9854,39;-9846,63;3,26;100,0;0;0;0,205;0,0683;0,0738;7,48;0,0;0,0;7,48;7,48;0,9944;2614888888,89;51135,98
145;3;3;50;16,67;41,0;2050;2050;2050,0;1,0;-9849,94;10304;1243,9;25;24;96,0;78,8;16,9;100,0;3;0;2,0;100,0;1;3;0,82;615,0;738,0;683,33;51,14;1,0;1,0;1,0;0,0;-9854,33;-9846,64;3,24;100,0;0;0;0,205;0,0683;0,0738;7,48;0,0;0,0;7,48;7,48;0,9944;2614888888,89;51135,98
146;3;3;50;16,67;41,0;2050;2050;2050,0;1,0;-9849,94;10049;850,9;25;24;96,0;12,1;12,3;100,0;3;0;2,0;100,0;1;3;0,82;615,0;738,0;683,33;51,14;1,0;1,0;1,0;0,0;-9854,34;-9846,59;3,25;100,0;0;0;0,205;0,0683;0,0738;7,48;0,0;0,0;7,48;7,48;0,9944;2614888888,89;51135,98
147;3;3;50;16,67;41,0;2050;2050;2050,0;1,0;-9849,96;10499;575,9;25;24;96,0;7,9;9,0;100,0;3;0;2,0;100,0;1;3;0,82;615,0;738,0;683,33;51,14;1,0;1,0;1,0;0,0;-9854,39;-9846,57;3,28;100,0;0;0;0,205;0,0683;0,0738;7,48;0,0;0,0;7,48;7,48;0,9944;2614888888,89;51135,98
148;3;3;50;16,67;41,0;2050;2050;2050,0;1,0;-9849,99;10244;1496,9;25;24;96,0;13,9;14,4;100,0;3;0;2,0;100,0;1;3;0,82;615,0;738,0;683,33;51,14;1,0;1,0;1,0;0,0;-9854,39;-9846,63;3,25;100,0;0;0;0,205;0,0683;0,0738;7,48;0,0;0,0;7,48;7,48;0,9944;2614888888,89;51135,98
149;3;3;50;16,67;41,0;2050;2050;2050,0;1,0;-9849,98;11465;937,6;25;24;96,0;12,6;12,1;100,0;3;0;2,0;100,0;1;3;0,82;615,0;738,0;683,33;51,14;1,0;1,0;1,0;0,0;-9854,39;-9846,63;3,26;100,0;0;0;0,205;0,0683;0,0738;7,48;0,0;0,0;7,48;7,48;0,9944;2614888888,89;51135,98
150;3;3;50;16,67;41,0;2050;2050;2050,0;1,0;-9849,97;11210;2589,6;25;24;96,0;9,5;11,9;100,0;3;0;2,0;100,0;1;3;0,82;615,0;738,0;683,33;51,14;1,0;1,0;1,0;0,0;-9854,37;-9846,61;3,25;100,0;0;0;0,205;0,0683;0,0738;7,48;0,0;0,0;7,48;7,48;0,9944;2614888888,89;51135,98
151;3;3;50;16,67;41,0;2050;2050;2050,0;1,0;-9849,97;10955;1881,4;25;24;96,0;13,6;13,7;100,0;3;0;2,0;100,0;1;3;0,82;615,0;738,0;683,33;51,14;1,0;1,0;1,0;0,0;-9854,33;-9846,63;3,22;100,0;0;0;0,205;0,0683;0,0738;7,48;0,0;0,0;7,48;7,48;0,9944;2614888888,89;51135,98
152;3;3;50;16,67;41,0;2050;2050;2050,0;1,0;-9849,96;10700;662,2;25;24;96,0;9,5;10,2;100,0;3;0;2,0;100,0;1;3;0,82;615,0;738,0;683,33;51,14;1,0;1,0;1,0;0,0;-9854,27;-9846,63;3,2;100,0;0;0;0,205;0,0683;0,0738;7,48;0,0;0,0;7,48;7,48;0,9944;2614888888,89;51135,98
153;3;3;50;16,67;41,0;2050;2050;2050,0;1,0;-9849,98;11698;3565,2;25;24;96,0;21,5;21,2;100,0;3;0;2,0;100,0;1;3;0,82;615,0;738,0;683,33;51,14;1,0;1,0;1,0;0,0;-9854,28;-9846,68;3,19;100,0;0;0;0,205;0,0683;0,0738;7,48;0,0;0,0;7,48;7,48;0,9944;2614888888,89;51135,98
154;3;3;50;16,67;41,0;2050;2050;2050,0;1,0;-9850,03;11443;615,0;25;24;96,0;9,2;8,8;100,0;3;0;2,0;100,0;1;3;0,82;615,0;738,0;683,33;51,14;1,0;1,0;1,0;0,0;-9854,31;-9846,74;3,17;100,0;0;0;0,205;0,0683;0,0738;7,48;0,0;0,0;7,48;7,48;0,9944;2614888888,89;51135,98
155;3;3;50;16,67;41,0;2050;2050;2050,0;1,0;-9850,02;12382;1712,01;25;24;96,0;16,8;16,5;100,0;3;0;2,0;100,0;1;3;0,82;615,0;738,0;683,33;51,14;1,0;1,0;1,0;0,0;-9854,29;-9846,75;3,16;100,0;0;0;0,205;0,0683;0,0738;7,48;0,0;0,0;7,48;7,48;0,9944;2614888888,89;51135,98
156;3;3;50;16,67;41,0;2050;2050;2050,0;1,0;-9850,01;13041;658,2;25;24;96,0;9,7;10,0;100,0;3;0;2,0;100,0;1;3;0,82;615,0;738,0;683,33;51,14;1,0;1,0;1,0;0,0;-9854,23;-9846,73;3,13;100,0;0;0;0,205;0,0683;0,0738;7,48;0,0;0,0;7,48;7,48;0,9944;2614888888,89;51135,98
157;3;3;50;16,67;41,0;2050;2050;2050,0;1,0;-9850,02;12786;1031,5;25;24;96,0;12,5;13,1;100,0;3;0;2,0;100,0;1;3;0,82;615,0;738,0;683,33;51,14;1,0;1,0;1,0;0,0;-9854,22;-9846,73;3,12;100,0;0;0;0,205;0,0683;0,0738;7,48;0,0;0,0;7,48;7,48;0,9944;2614888888,89;51135,98
158;3;3;50;16,67;41,0;2050;2050;2050,0;1,0;-9849,98;13774;1405,7;25;24;96,0;15,4;15,4;100,0;3;0;2,0;100,0;1;3;0,82;615,0;738,0;683,33;51,14;1,0;1,0;1,0;0,0;-9854,15;-9846,68;3,11;100,0;0;0;0,205;0,0683;0,0738;7,48;0,0;0,0;7,48;7,48;0,9944;2614888888,89;51135,98
159;3;3;50;16,67;41,0;2050;2050;2050,0;1,0;-9849,98;13519;1018,2;25;24;96,0;13,2;13,4;100,0;3;0;2,0;100,0;1;3;0,82;615,0;738,0;683,33;51,14;1,0;1,0;1,0;0,0;-9854,12;-9846,65;3,1;100,0;0;0;0,205;0,0683;0,0738;7,48;0,0;0,0;7,48;7,48;0,9944;2614888888,89;51135,98
160;3;3;50;16,67;41,0;2050;2050;2050,0;1,0;-9849,97;13264;700,4;25;24;96,0;9,2;9,1;100,0;3;0;2,0;100,0;1;3;0,82;615,0;738,0;683,33;51,14;1,0;1,0;1,0;0,0;-9854,1;-9846,61;3,1;100,0;0;0;0,205;0,0683;0,0738;7,48;0,0;0,0;7,48;7,48;0,9944;2614888888,89;51135,98
161;3;3;50;16,67;41,0;2050;2050;2050,0;1,0;-9849,96;13009;614,1;25;24;96,0;8,9;9,4;100,0;3;0;2,0;100,0;1;3;0,82;615,0;738,0;683,33;51,14;1,0;1,0;1,0;0,0;-9854,07;-9846,63;3,09;100,0;0;0;0,205;0,0683;0,0738;7,48;0,0;0,0;7,48;7,48;0,9944;2614888888,89;51135,98
162;3;3;50;16,67;41,0;2050;2050;2050,0;1,0;-9849,97;12754;650,4;25;24;96,0;8,4;9,3;100,0;3;0;2,0;100,0;1;3;0,82;615,0;738,0;683,33;51,14;1,0;1,0;1,0;0,0;-9854,06;-9846,6;3,09;100,0;0;0;0,205;0,0683;0,0738;7,48;0,0;0,0;7,48;7,48;0,9944;2614888888,89;51135,98
163;3;3;50;16,67;41,0;2050;2050;2050,0;1,0;-9849,93;12499;5172,6;25;24;96,0;21,8;23,9;100,0;3;0;2,0;100,0;1;3;0,82;615,0;738,0;683,33;51,14;1,0;1,0;1,0;0,0;-9853,98;-9846,6;3,06;100,0;0;0;0,205;0,0683;0,0738;7,48;0,0;0,0;7,48;7,48;0,9944;2614888888,89;51135,98
164;3;3;50;16,67;41,0;2050;2050;2050,0;1,0;-9849,93;12244;1126,5;25;24;96,0;14,7;15,8;100,0;3;0;2,0;100,0;1;3;0,82;615,0;738,0;683,33;51,14;1,0;1,0;1,0;0,0;-9853,96;-9846,59;3,04;100,0;0;0;0,205;0,0683;0,0738;7,48;0,0;0,0;7,48;7,48;0,9944;2614888888,89;51135,98
165;3;3;50;16,67;41,0;2050;2050;2050,0;1,0;-9849,92;11989;1666,1;25;24;96,0;20,2;20,5;100,0;3;0;2,0;100,0;1;3;0,82;615,0;738,0;683,33;51,14;1,0;1,0;1,0;0,0;-9853,89;-9846,62;3,01;100,0;0;0;0,205;0,0683;0,0738;7,48;0,0;0,0;7,48;7,48;0,9944;2614888888,89;51135,98
166;3;3;50;16,67;41,0;2050;2050;2050,0;1,0;-9849,92;11734;1183,0;25;24;96,0;11,7;11,8;100,0;3;0;2,0;100,0;1;3;0,82;615,0;738,0;683,33;51,14;1,0;1,0;1,0;0,0;-9853,84;-9846,64;2,97;100,0;0;0;0,205;0,0683;0,0738;7,48;0,0;0,0;7,48;7,48;0,9944;2614888888,89;51135,98
167;3;3;50;16,67;41,0;2050;2050;2050,0;1,0;-9849,91;11479;1270,4;25;24;96,0;14,8;17,5;100,0;3;0;2,0;100,0;1;3;0,82;615,0;738,0;683,33;51,14;1,0;1,0;1,0;0,0;-9853,83;-9846,59;2,99;100,0;0;0;0,205;0,0683;0,0738;7,48;0,0;0,0;7,48;7,48;0,9944;2614888888,89;51135,98
168;3;3;50;16,67;41,0;2050;2050;2050,0;1,0;-9849,89;11224;1253,0;25;24;96,0;17,3;17,7;100,0;3;0;2,0;100,0;1;3;0,82;615,0;738,0;683,33;51,14;1,0;1,0;1,0;0,0;-9853,82;-9846,55;3,0;100,0;0;0;0,205;0,0683;0,0738;7,48;0,0;0,0;7,48;7,48;0,9944;2614888888,89;51135,98
169;3;3;50;16,67;41,0;2050;2050;2050,0;1,0;-9849,88;10969;1006,4;25;24;96,0;9,4;8,8;100,0;3;0;2,0;100,0;1;3;0,82;615,0;738,0;683,33;51,14;1,0;1,0;1,0;0,0;-9853,78;-9846,57;2,97;100,0;0;0;0,205;0,0683;0,0738;7,48;0,0;0,0;7,48;7,48;0,9944;2614888888,89;51135,98
170;3;3;50;16,67;41,0;2050;2050;2050,0;1,0;-9849,86;10714;664,8;25;24;96,0;9,0;9,1;100,0;3;0;2,0;100,0;1;3;0,82;615,0;738,0;683,33;51,14;1,0;1,0;1,0;0,0;-9853,69;-9846,57;2,93;100,0;0;0;0,205;0,0683;0,0738;7,48;0,0;0,0;7,48;7,48;0,9944;2614888888,89;51135,98
171;3;3;50;16,67;41,0;2050;2050;2050,0;1,0;-9849,8;10999;689,4;25;24;96,0;10,6;11,9;100,0;3;0;2,0;100,0;1;3;0,82;615,0;738,0;683,33;51,14;1,0;1,0;1,0;0,0;-9853,65;-9846,5;2,94;100,0;0;0;0,205;0,0683;0,0738;7,48;0,0;0,0;7,48;7,48;0,9944;2614888888,89;51135,98
172;3;3;50;16,67;41,0;2050;2050;2050,0;1,0;-9849,79;10744;770,8;25;24;96,0;12,3;12,1;100,0;3;0;2,0;100,0;1;3;0,82;615,0;738,0;683,33;51,14;1,0;1,0;1,0;0,0;-9853,65;-9846,51;2,94;100,0;0;0;0,205;0,0683;0,0738;7,48;0,0;0,0;7,48;7,48;0,9944;2614888888,89;51135,98
173;3;3;50;16,67;41,0;2050;2050;2050,0;1,0;-9849,76;10489;966,4;25;24;96,0;7,8;8,2;100,0;3;0;2,0;100,0;1;3;0,82;615,0;738,0;683,33;51,14;1,0;1,0;1,0;0,0;-9853,62;-9846,54;2,92;100,0;0;0;0,205;0,0683;0,0738;7,48;0,0;0,0;7,48;7,48;0,9944;2614888888,89;51135,98
174;3;3;50;16,67;41,0;2050;2050;2050,0;1,0;-9849,71;11207;1156,7;25;24;96,0;16,0;17,3;100,0;3;0;2,0;100,0;1;3;0,82;615,0;738,0;683,33;51,14;1,0;1,0;1,0;0,0;-9853,58;-9846,53;2,92;100,0;0;0;0,205;0,0683;0,0738;7,48;0,0;0,0;7,48;7,48;0,9944;2614888888,89;51135,98
175;3;3;50;16,67;41,0;2050;2050;2050,0;1,0;-9849,71;10952;1455,3;25;24;96,0;15,6;16,6;100,0;3;0;2,0;100,0;1;3;0,82;615,0;738,0;683,33;51,14;1,0;1,0;1,0;0,0;-9853,6;-9846,52;2,93;100,0;0;0;0,205;0,0683;0,0738;7,48;0,0;0,0;7,48;7,48;0,9944;2614888888,89;51135,98
176;3;3;50;16,67;41,0;2050;2050;2050,0;1,0;-9849,69;10697;767,3;25;24;96,0;8,2;9,2;100,0;3;0;2,0;100,0;1;3;0,82;615,0;738,0;683,33;51,14;1,0;1,0;1,0;0,0;-9853,56;-9846,52;2,92;100,0;0;0;0,205;0,0683;0,0738;7,48;0,0;0,0;7,48;7,48;0,9944;2614888888,89;51135,98
177;3;3;50;16,67;41,0;2050;2050;2050,0;1,0;-9849,69;10442;662,0;25;24;96,0;8,3;8,8;100,0;3;0;2,0;100,0;1;3;0,82;615,0;738,0;683,33;51,14;1,0;1,0;1,0;0,0;-9853,59;-9846,52;2,93;100,0;0;0;0,205;0,0683;0,0738;7,48;0,0;0,0;7,48;7,48;0,9944;2614888888,89;51135,98
178;3;3;50;16,67;41,0;2050;2050;2050,0;1,0;-9849,67;10187;1142,1;25;24;96,0;13,8;13,0;100,0;3;0;2,0;100,0;1;3;0,82;615,0;738,0;683,33;51,14;1,0;1,0;1,0;0,0;-9853,58;-9846,51;2,93;100,0;0;0;0,205;0,0683;0,0738;7,48;0,0;0,0;7,48;7,48;0,9944;2614888888,89;51135,98
179;3;3;50;16,67;41,0;2050;2050;2050,0;1,0;-9849,67;9932;1527,9;25;24;96,0;72,0;16,1;100,0;3;0;2,0;100,0;1;3;0,82;615,0;738,0;683,33;51,14;1,0;1,0;1,0;0,0;-9853,56;-9846,55;2,91;100,0;0;0;0,205;0,0683;0,0738;7,48;0,0;0,0;7,48;7,48;0,9944;2614888888,89;51135,98
180;3;3;50;16,67;41,0;2050;2050;2050,0;1,0;-9849,65;10432;603,5;25;24;96,0;8,6;9,2;100,0;3;0;2,0;100,0;1;3;0,82;615,0;738,0;683,33;51,14;1,0;1,0;1,0;0,0;-9853,53;-9846,55;2,9;100,0;0;0;0,205;0,0683;0,0738;7,48;0,0;0,0;7,48;7,48;0,9944;2614888888,89;51135,98
181;3;3;50;16,67;41,0;2050;2050;2050,0;1,0;-9849,65;10515;633,2;25;24;96,0;9,2;9,7;100,0;3;0;2,0;100,0;1;3;0,82;615,0;738,0;683,33;51,14;1,0;1,0;1,0;0,0;-9853,52;-9846,54;2,9;100,0;0;0;0,205;0,0683;0,0738;7,48;0,0;0,0;7,48;7,48;0,9944;2614888888,89;51135,98
182;3;3;50;16,67;41,0;2050;2050;2050,0;1,0;-9849,63;10260;629,1;25;24;96,0;8,7;9,0;100,0;3;0;2,0;100,0;1;3;0,82;615,0;738,0;683,33;51,14;1,0;1,0;1,0;0,0;-9853,47;-9846,56;2,87;100,0;0;0;0,205;0,0683;0,0738;7,48;0,0;0,0;7,48;7,48;0,9944;2614888888,89;51135,98
